Name	title	coding
t3_qpkl4v	what is this about? seems sus	o
t3_qphbd3	DONE WITH HEALTH SERVICES	o
t3_qqllz3	Unlimited Maple appointments ?	o
t3_qqrn2l	Feeling bummed knowing I don�t got what it takes to make it to medicine	o
t3_qqn7bu	ECON 257 A3	c
t3_qqdm8o	Group chat for Econ408	c
t3_qqx044	Reaching out to a professor?	o
t3_qnqrum	Are flex spaces open on weekends?	o
t3_qr3qcc	COMP 251 MIDTERM	c
t3_qqbjfk	Comp302 Assignment	c
t3_qq0d9v	Should I wait until the status of the medical exam is updated to arrive?	o
t3_qp884q	My only source for a reference doesn't want to be a reference - what to do?	o
t3_qos56x	Quick SOCI235 Questions	c
t3_qp2flr	Was Just Informed that I am not Going to Make it in the Workforce	o
t3_qqlli3	Anyone else gonna be an old ass undergrad?	o
t3_qns1ue	Petition for Thomson House Menu change!	f
t3_qpjb3c	Which advisor should I contact to talk about switching faculties?	o
t3_qoaub9	Wrongfully Accused in Math 133 of Cheating	c
t3_qpkoxu	"Anyone else getting constant ""Unexpected Server Response"" on mycourses when trying to access documents?"	o
t3_qo77a3	CodeJam Updates!	o
t3_qphp3l	Hot chocolate	f
t3_qnukdm	Failing	o
t3_qr19q4	Can Profs remove rate my prof ratings/comments?	o
t3_qq5p9m	French courses at McGill FRSL vs CEFN	c
t3_qnrj9f	textbook requirements for poli classes?	c
t3_qqwdur	Working at a residence dining hall?	r
t3_qp0a8e	Anyone willing to share psyc 213 notes?	c
t3_qqmzrs	How does taking a course or two at Concordia work?	c
t3_qo1vab	Winter 2022 Exchange Reinstatement: Australia	o
t3_qqd74r	In need of a study buddy	o
t3_qq7k1p	I�ve been here for 5 damn years and I finally got to see cloudberry!! She is perfect.	o
t3_qo5qd4	Cat chasing birds outside of McConnell today (what should we name them?)	o
t3_qow0ax	Any McGillians Working in Toronto This Winter?	o
t3_qp5rs9	COMP 252	c
t3_qqn56k	How safe are the buildings lockers?	o
t3_qr5ijs	COMP 330 with crepeau vs COMP 360 with robere	c
t3_qnqejc	Final exams and webwork	o
t3_qp3xao	To full time students/part time workers in the Life Sciences program, what should be the maximum amount of hours you allot for work without compromising your studies??	o
t3_qp6gu4	good news monday	o
t3_qodyxq	Wellness hub replacement?	o
t3_qqcxo7	How to review for Comp 250/273?	c
t3_qpfm5z	Flags lowered in memory of deceased students: Cause of death?	o
t3_qqf5wt	Get Paid to do Self-Guided Research! McGill Journal of Human Behavior Research Fellowship	o
t3_qr2cq0	Religions of east Asia	c
t3_qpknpx	PHIL 434 Midterm	c
t3_qpo84a	How many days ahead do you typically start studying for a midterm?	o
t3_qou8zc	fall 2021 SSMU referendum starts tomorrow!	o
t3_qpishs	Fast pass sticker??	o
t3_qo9l6v	Is Submitting a Final Exam Paper to a Journal Problematic?	o
t3_qpqlpc	Difficulty to find a date at McGill :/	o
